Feature4,Feature13,Feature14,Feature15,Class
9,8,1,1,13
6,8,9,8,13
8,10,9,5,13
7,8,5,2,13
8,3,9,8,25
3,1,11,2,25
7,6,9,8,25
4,7,5,2,13
7,7,9,3,13
5,8,6,3,13
7,1,11,3,25
5,1,11,0,25
6,9,7,2,13
6,10,7,4,13
7,8,6,0,13
5,5,8,7,13
7,2,11,4,25
7,8,6,2,13
6,1,11,0,25
4,1,11,1,25
8,0,10,0,25
8,11,9,3,13
4,13,8,5,13
8,8,6,2,13
6,7,7,2,13
4,8,7,2,13
7,11,5,4,13
6,8,6,3,13
5,10,8,5,13
8,1,11,0,25
8,8,6,2,13
7,2,11,0,25
6,7,6,2,13
8,9,6,0,13
5,2,11,0,25
6,7,6,0,13
5,6,5,0,13
4,8,6,3,13
4,2,10,0,25
6,11,6,2,13
8,11,6,4,13
4,1,11,2,25
5,2,11,3,25
8,0,10,2,25
4,2,11,0,25
13,4,10,7,25
7,8,7,2,13
8,9,11,2,13
4,0,10,0,25
6,5,5,1,13
3,8,6,2,13
8,8,5,2,13
5,8,6,2,13
7,0,10,0,25
4,2,11,3,25
1,1,11,0,25
7,8,6,2,13
9,5,10,7,25
5,1,11,0,25
4,1,11,1,25
8,8,6,2,13
6,5,11,6,25
8,1,11,0,25
8,8,6,2,13
6,1,11,2,25
6,2,11,0,25
5,1,11,1,25
8,9,6,0,13
4,5,6,2,13
0,1,11,0,25
7,3,9,5,25
8,9,6,0,13
8,9,8,2,13
2,1,11,2,25
7,1,11,2,25
8,8,6,0,13
1,6,6,0,13
5,7,6,0,13
8,1,11,2,25
8,1,11,0,25
5,6,6,2,13
7,9,6,0,13
2,1,11,2,25
7,8,6,2,13
7,1,11,0,25
6,10,6,2,13
7,13,6,3,13
8,9,6,0,13
8,3,8,10,25
5,7,5,2,13
2,7,6,0,13
7,13,7,6,13
5,1,11,0,25
5,1,11,2,25
3,8,5,2,13
4,1,10,3,25
2,6,5,1,13
2,5,5,1,13
6,7,9,8,13
7,8,6,3,13
6,8,6,2,13
4,8,6,0,13
6,9,8,3,13
0,5,6,0,13
5,1,11,2,25
7,13,9,5,13
1,1,11,0,25
3,1,11,2,25
1,1,11,0,25
4,1,10,0,25
6,13,6,5,13
5,8,6,0,13
7,1,11,0,25
6,4,11,7,25
8,3,9,9,25
8,9,6,2,13
4,10,6,4,13
7,2,11,2,25
6,1,11,0,25
10,6,11,8,25
7,1,11,4,25
8,9,4,1,13
7,9,8,3,13
5,8,6,0,13
5,1,11,2,25
13,4,10,6,25
6,2,11,0,25
8,8,8,8,13
2,6,5,1,13
6,1,11,0,25
13,4,11,6,25
4,1,11,0,25
8,0,10,0,25
4,8,5,2,13
1,1,11,0,25
6,1,11,2,25
7,8,6,0,13
3,9,5,1,13
2,9,5,2,13
4,7,5,2,13
2,6,6,2,13
8,9,6,0,13
1,6,5,1,13
8,1,11,0,25
2,1,11,2,25
9,8,1,1,13
6,1,10,0,25
3,8,7,3,13
5,1,11,2,25
8,10,7,2,13
1,6,5,1,13
8,9,6,0,13
5,10,5,3,13
8,6,8,8,25
7,5,10,9,25
4,10,5,3,13
8,8,6,0,13
4,0,10,0,25
8,1,11,3,25
4,7,5,2,13
4,7,5,2,13
4,1,11,3,25
13,5,10,6,25
4,1,11,2,25
5,8,6,0,13
6,1,11,3,25
6,1,10,0,25
6,3,9,3,25
4,1,11,2,25
11,4,12,9,25
7,11,5,4,13
7,8,1,2,13
5,13,7,5,13
7,1,11,0,25
6,1,11,2,25
6,1,11,2,25
15,4,10,7,25
8,14,9,6,13
4,4,10,4,25
0,6,6,0,13
5,7,9,7,13
8,2,11,0,25
5,4,10,4,25
3,7,5,2,13
9,4,10,5,25
7,7,8,6,25
6,5,10,6,25
8,4,10,9,25
7,11,6,4,13
8,8,6,2,13
5,8,6,0,13
4,10,5,2,13
4,7,5,2,13
8,10,12,2,13
3,7,5,2,13
7,2,11,2,25
5,1,11,0,25
7,5,11,4,25
8,1,11,0,25
8,0,10,0,25
1,4,7,1,13
6,2,11,0,25
6,8,5,2,13
6,11,5,3,13
3,7,5,2,13
7,1,10,3,25
8,8,6,0,13
10,4,11,9,25
5,3,9,8,25
9,4,11,5,25
8,10,8,3,13
8,8,6,0,13
1,1,11,0,25
8,6,10,6,25
5,4,10,3,25
6,1,10,3,25
8,6,8,6,13
6,14,3,4,13
0,5,6,0,13
6,1,11,1,25
10,7,10,6,25
7,8,5,2,13
8,8,6,0,13
5,5,4,1,13
8,9,6,0,13
9,3,9,5,25
6,1,10,0,25
2,6,5,1,13
8,2,11,2,25
8,11,8,4,13
3,9,6,3,13
4,4,10,4,25
6,9,8,4,13
2,1,11,1,25
9,9,11,6,25
7,3,11,7,25
4,3,10,4,25
8,6,10,8,25
9,6,11,8,25
7,1,10,2,25
4,9,5,3,13
6,7,5,2,13
5,2,11,2,25
1,6,6,0,13
5,10,5,2,13
5,1,11,0,25
4,8,6,2,13
9,7,10,8,25
5,9,8,5,13
1,1,11,0,25
6,7,6,2,13
4,6,3,2,13
6,8,6,0,13
3,7,5,2,13
1,7,6,2,13
3,2,11,2,25
2,1,11,1,25
4,2,11,0,25
4,1,11,0,25
4,6,5,0,13
8,1,11,2,25
8,1,11,2,25
8,4,11,7,25
6,1,10,0,25
8,8,6,0,13
7,1,11,0,25
4,7,5,1,13
5,7,6,0,13
7,9,3,4,13
6,1,10,2,25
7,5,11,6,25
5,7,5,2,13
7,9,6,0,13
8,4,10,4,25
6,9,6,2,13
3,7,6,2,13
5,8,6,0,13
4,4,10,3,25
5,2,8,9,25
7,3,8,9,25
2,1,11,2,25
5,8,6,0,13
6,6,9,7,13
8,8,6,0,13
4,3,11,5,25
2,7,6,0,13
4,3,10,4,25
6,5,6,2,13
7,10,13,3,13
6,1,11,2,25
5,1,10,0,25
5,8,5,2,13
3,1,11,3,25
5,8,5,0,13
6,1,11,2,25
3,7,7,2,13
12,7,13,12,25
8,7,5,0,13
4,3,11,3,25
1,1,10,0,25
7,1,11,2,25
3,6,5,1,13
5,5,4,0,13
6,1,11,0,25
6,10,12,2,13
0,1,11,0,25
0,1,11,0,25
6,4,11,7,25
6,8,6,0,13
4,1,11,0,25
8,2,12,4,25
2,2,12,3,25
4,7,5,2,13
3,9,5,2,13
5,8,5,0,13
0,6,6,0,13
4,9,7,3,13
8,8,6,0,13
6,1,11,3,25
7,4,10,4,25
5,1,11,2,25
4,2,11,0,25
8,8,10,9,13
2,7,6,0,13
0,1,11,0,25
4,1,11,3,25
4,7,5,2,13
1,6,6,0,13
7,4,11,6,25
8,6,10,7,25
4,8,6,2,13
10,9,10,8,25
7,10,6,3,13
5,10,5,2,13
8,8,6,0,13
0,5,6,0,13
6,1,11,0,25
3,2,11,3,25
4,1,11,0,25
3,7,5,2,13
8,4,9,5,25
4,10,7,3,13
6,4,10,3,25
0,1,11,0,25
8,4,10,4,25
8,7,10,6,25
5,7,5,2,13
8,8,6,2,13
4,1,11,1,25
1,7,6,0,13
12,5,10,4,25
5,8,6,0,13
1,1,11,0,25
8,10,5,3,13
8,6,10,6,25
6,3,11,4,25
1,6,6,0,13
7,0,10,2,25
5,1,10,2,25
1,7,6,0,13
4,10,6,3,13
1,6,6,0,13
3,6,6,2,13
6,1,11,1,25
2,1,11,2,25
5,6,9,7,13
4,7,6,0,13
6,6,9,3,13
5,3,10,4,25
8,1,11,2,25
5,8,6,0,13
9,6,11,6,25
1,6,6,0,13
8,9,6,0,13
2,1,11,2,25
8,9,6,0,13
4,1,11,0,25
1,6,5,2,13
5,7,5,2,13
7,1,11,2,25
4,1,11,2,25
4,8,6,0,13
4,3,9,2,25
3,7,5,2,13
8,1,10,2,25
7,10,1,1,13
5,2,8,7,25
7,10,6,4,13
5,3,9,7,25
2,1,10,1,25
6,2,11,0,25
8,11,8,4,13
1,4,7,1,13
8,4,9,4,25
6,11,7,5,13
4,2,11,0,25
6,5,10,7,25
8,8,6,2,13
11,4,11,3,25
7,1,11,2,25
2,7,5,2,13
5,2,11,0,25
9,10,9,3,13
6,8,5,0,13
6,4,10,6,25
8,9,5,2,13
7,10,7,3,13
5,7,5,2,13
5,3,10,4,25
8,8,8,9,13
11,4,11,8,25
3,1,11,1,25
5,1,10,3,25
6,4,10,4,25
4,8,6,2,13
6,7,5,1,13
8,4,13,7,25
6,2,13,4,25
4,1,11,0,25
7,9,7,3,13
8,8,6,2,13
4,8,6,2,13
8,9,6,0,13
5,1,11,0,25
3,7,6,2,13
3,7,5,1,13
0,1,11,0,25
3,1,11,2,25
4,1,11,2,25
8,2,10,4,25
6,9,8,2,13
3,6,5,1,13
7,8,6,0,13
5,8,4,2,13
8,8,6,2,13
10,5,10,3,25
4,7,5,2,13
7,2,11,0,25
8,8,6,1,13
6,14,6,2,13
8,11,8,4,13
4,9,7,4,13
8,9,6,0,13
9,4,11,6,25
6,6,10,6,25
1,1,11,0,25
13,4,10,7,25
3,2,11,2,25
7,3,9,9,25
2,7,5,1,13
7,8,6,3,13
6,8,6,0,13
7,9,7,3,13
8,1,11,0,25
6,2,11,3,25
4,1,11,2,25
4,1,11,2,25
6,8,6,2,13
3,3,11,4,25
2,8,6,3,13
5,8,7,2,13
8,1,11,0,25
2,7,5,1,13
8,4,11,7,25
6,11,5,2,13
7,1,11,2,25
5,8,6,2,13
8,9,7,3,13
8,10,4,2,13
6,8,6,0,13
3,8,6,2,13
6,8,6,0,13
7,1,11,0,25
5,3,10,4,25
6,8,6,0,13
7,5,10,7,25
6,5,9,5,25
3,7,5,2,13
2,1,11,1,25
1,1,11,0,25
8,6,3,1,13
6,1,11,0,25
6,10,8,5,13
8,8,12,3,13
6,10,8,5,13
8,1,11,3,25
1,1,11,0,25
8,8,6,0,13
5,1,10,0,25
8,5,12,6,25
8,6,9,8,13
4,7,6,2,13
6,8,6,0,13
5,5,9,7,13
7,7,5,0,13
4,11,8,5,13
10,7,10,6,25
5,8,6,3,13
8,4,10,4,25
2,7,5,2,13
5,2,11,0,25
4,1,11,2,25
1,1,11,1,25
3,8,6,2,13
2,6,5,2,13
8,10,9,5,13
8,2,11,3,25
5,8,6,2,13
8,2,13,5,25
0,1,11,0,25
4,8,5,2,13
3,7,6,2,13
4,6,5,0,13
8,1,11,3,25
6,7,5,0,13
8,2,11,0,25
4,3,10,4,25
5,5,9,5,13
7,10,9,6,13
8,11,0,2,13
2,1,11,2,25
5,1,10,0,25
5,1,11,0,25
0,6,6,0,13
2,1,11,1,25
4,1,11,2,25
6,8,6,0,13
5,8,6,0,13
6,9,8,3,13
4,3,10,4,25
8,8,6,0,13
3,1,11,2,25
4,9,6,2,13
5,1,11,0,25
5,1,9,2,25
5,9,8,2,13
7,14,8,7,13
7,10,10,8,13
8,8,6,2,13
6,10,7,2,13
6,1,11,2,25
3,9,5,2,13
2,6,5,1,13
10,8,11,9,25
5,11,6,3,13
6,8,5,2,13
12,6,12,8,25
4,1,11,2,25
4,1,11,2,25
8,4,10,4,25
2,1,11,1,25
7,8,6,2,13
6,8,7,3,13
5,7,6,2,13
4,10,12,2,13
5,2,11,0,25
7,2,12,2,25
2,7,6,0,13
8,1,11,0,25
7,9,6,2,13
8,1,11,2,25
6,6,3,1,13
8,10,1,2,13
6,1,10,0,25
6,1,11,0,25
5,1,11,0,25
5,8,5,2,13
4,1,11,0,25
4,1,11,0,25
4,8,7,2,13
0,1,11,0,25
3,8,7,3,13
8,14,6,2,13
8,1,11,2,25
6,7,5,2,13
9,7,11,7,25
8,8,6,2,13
6,11,7,6,13
4,7,5,2,13
5,8,6,2,13
5,1,11,1,25
7,8,5,0,13
6,1,11,2,25
8,2,11,2,25
5,0,10,2,25
2,1,11,1,25
7,3,11,7,25
1,1,10,0,25
6,8,6,0,13
4,1,11,1,25
7,6,10,8,25
7,1,11,2,25
8,8,6,0,13
6,1,11,3,25
4,8,6,2,13
6,11,8,5,13
8,11,5,2,13
6,2,11,3,25
2,7,5,2,13
12,4,10,6,25
4,2,11,2,25
6,8,6,2,13
4,1,11,1,25
6,5,8,5,25
8,9,6,0,13
0,1,11,0,25
3,8,4,3,13
2,9,5,1,13
8,12,6,5,13
8,11,7,3,13
6,2,11,3,25
7,3,11,7,25
3,7,6,2,13
4,2,10,4,25
8,8,6,0,13
4,8,6,2,13
7,8,7,2,13
4,1,11,2,25
3,9,5,3,13
5,1,11,1,25
7,11,10,6,13
4,2,11,2,25
7,0,10,0,25
6,1,11,2,25
3,1,11,2,25
10,4,10,6,25
2,1,11,2,25
4,2,11,1,25
8,1,11,0,25
7,1,10,0,25
6,1,10,3,25
2,6,5,2,13
4,7,5,2,13
3,2,11,3,25
8,8,6,2,13
8,9,6,2,13
6,9,6,0,13
7,13,8,3,13
2,6,6,0,13
1,0,10,2,25
6,3,11,5,25
8,8,5,2,13
8,2,9,4,25
1,6,6,2,13
7,4,11,6,25
5,9,11,2,13
5,2,11,2,25
8,3,12,6,25
7,9,6,0,13
8,11,8,4,13
8,8,10,7,13
5,1,10,0,25
5,9,6,6,13
8,2,11,2,25
5,7,2,1,13
1,6,5,1,13
0,5,6,0,13
8,1,10,2,25
10,5,11,8,25
8,8,6,0,13
8,4,13,6,25
8,12,5,4,13
3,6,5,2,13
0,1,11,0,25
4,1,11,2,25
5,3,9,9,25
1,1,11,2,25
1,7,5,1,13
6,1,11,0,25
6,1,10,2,25
4,8,9,2,13
4,8,9,2,13
4,7,5,2,13
4,1,11,2,25
4,1,11,2,25
0,1,11,0,25
7,0,10,0,25
4,7,5,0,13
4,1,11,2,25
7,2,11,2,25
7,9,8,9,13
5,1,9,4,25
4,9,6,2,13
6,8,6,2,13
5,10,6,2,13
6,1,11,2,25
5,8,2,1,13
7,7,3,1,13
4,6,3,1,13
4,2,11,0,25
5,1,10,0,25
1,7,5,2,13
3,1,11,2,25
1,1,11,0,25
8,11,6,2,13
8,9,6,0,13
6,1,11,2,25
3,7,5,2,13
7,6,10,6,25
11,6,13,10,25
4,1,11,3,25
6,1,11,0,25
4,8,6,6,13
4,6,5,0,13
6,9,6,4,13
4,1,11,2,25
0,1,10,0,25
1,1,11,0,25
4,7,5,2,13
6,3,9,9,25
7,11,5,2,13
2,1,11,2,25
6,8,2,2,13
8,1,11,3,25
3,9,7,2,13
3,7,6,2,13
6,8,6,0,13
6,8,5,2,13
4,1,11,3,25
7,3,10,5,25
4,1,11,2,25
4,8,8,2,13
7,1,11,0,25
11,6,13,9,25
2,6,5,1,13
4,1,11,2,25
7,1,10,3,25
8,3,10,5,25
1,1,11,0,25
6,10,7,5,13
3,7,5,2,13
7,10,5,3,13
4,1,11,2,25
7,1,10,1,25
8,5,11,6,25
5,1,11,2,25
10,6,10,7,25
8,1,11,2,25
4,8,6,2,13
7,2,11,0,25
2,1,11,1,25
6,1,10,3,25
0,5,6,0,13
2,1,11,2,25
4,9,6,3,13
8,6,10,7,13
5,7,5,1,13
7,12,8,6,13
7,7,2,1,13
8,8,6,0,13
11,4,11,5,25
6,10,1,2,13
6,12,5,2,13
4,8,5,2,13
7,5,9,5,25
4,7,6,0,13
8,8,6,2,13
5,8,4,2,13
7,2,12,4,25
5,6,5,0,13
1,1,11,0,25
4,7,6,2,13
5,8,6,0,13
8,2,11,2,25
2,1,11,2,25
4,1,11,2,25
4,9,6,3,13
0,1,10,0,25
9,7,9,6,25
6,2,12,3,25
4,10,13,2,13
8,1,11,0,25
4,7,5,0,13
8,10,12,2,13
14,4,10,6,25
1,1,10,0,25
6,1,11,0,25
6,1,10,0,25
8,1,11,3,25
5,8,6,0,13
0,5,6,0,13
0,5,6,0,13
8,4,11,5,25
4,4,9,3,25
5,6,5,1,13
8,6,9,7,25
4,1,10,0,25
6,3,9,9,25
7,8,6,2,13
5,1,10,0,25
6,1,11,4,25
4,4,11,4,25
3,7,5,1,13
8,2,11,2,25
6,2,11,0,25
6,2,11,4,25
4,1,11,0,25
2,1,11,2,25
7,1,11,0,25
6,5,9,4,25
7,12,8,5,13
5,2,9,4,25
6,8,5,2,13
6,3,8,9,25
8,7,5,0,13
7,1,11,3,25
6,8,6,2,13
7,8,5,0,13
9,8,10,7,13
8,12,6,4,13
8,1,11,0,25
6,10,5,2,13
7,10,7,3,13
4,1,11,4,25
4,2,11,2,25
5,8,6,0,13
3,10,6,2,13
9,9,6,0,13
3,1,11,2,25
10,5,9,6,25
1,6,5,2,13
3,7,5,2,13
6,8,6,0,13
6,3,9,2,25
2,8,6,2,13
8,5,10,4,25
8,9,6,0,13
3,7,6,2,13
4,8,6,2,13
4,1,11,0,25
5,10,8,5,13
6,3,11,4,25
4,2,11,2,25
9,4,10,5,25
7,8,5,2,13
14,5,10,7,25
7,12,7,8,13
6,12,9,5,13
6,9,9,8,13
8,10,5,2,13
5,8,5,1,13
6,9,7,5,13
6,9,1,1,13
1,6,6,0,13
8,8,5,2,13
6,2,11,4,25
9,4,11,6,25
8,9,6,0,13
7,1,11,3,25
5,8,8,5,13
7,1,11,0,25
4,9,6,3,13
8,8,6,2,13
8,1,11,2,25
3,1,11,2,25
8,9,5,2,13
10,5,10,3,25
3,8,6,2,13
7,1,10,0,25
8,9,6,0,13
1,1,10,0,25
0,5,6,0,13
5,7,6,2,13
9,4,11,4,25
6,9,11,2,13
4,2,11,2,25
7,5,10,4,25
7,8,7,3,13
7,2,11,0,25
8,0,10,2,25
3,1,11,2,25
8,8,7,3,13
5,7,5,2,13
2,6,6,0,13
7,3,9,8,25
3,8,6,2,13
8,8,6,0,13
4,7,6,2,13
8,6,8,6,13
8,11,8,4,13
5,8,6,0,13
8,5,10,6,25
3,1,11,3,25
2,7,5,2,13
1,1,11,0,25
4,2,12,3,25
6,8,7,2,13
11,4,11,10,25
6,1,11,0,25
3,7,5,2,13
1,6,6,0,13
2,6,5,1,13
5,3,8,8,25
5,1,11,0,25
6,1,11,2,25
1,6,6,0,13
0,6,6,0,13
4,1,11,0,25
3,8,6,2,13
3,1,11,2,25
8,9,9,2,13
7,10,6,5,13
3,9,7,2,13
6,11,9,7,13
7,1,11,0,25
2,1,11,1,25
8,1,11,2,25
8,9,7,6,25
8,5,11,7,25
8,1,11,2,25
4,1,11,2,25
4,3,9,4,25
4,8,6,2,13
2,5,5,1,13
2,7,5,2,13
1,6,6,0,13
8,4,10,7,25
4,2,11,0,25
2,7,5,1,13
8,9,6,0,13
1,1,11,0,25
1,1,11,0,25
2,7,6,2,13
2,1,11,1,25
2,5,6,1,13
11,5,13,11,25
8,8,6,2,13
2,8,6,2,13
5,4,10,4,25
0,1,11,0,25
4,6,5,2,13
3,6,5,1,13
4,7,5,0,13
9,4,10,6,25
4,8,6,0,13
3,1,11,2,25
7,6,10,6,25
7,11,14,3,13
4,8,6,2,13
5,2,12,4,25
9,9,6,0,13
8,10,8,6,13
8,9,13,3,13
5,1,11,1,25
0,5,6,0,13
6,7,6,2,13
8,2,11,2,25
6,10,6,2,13
7,1,11,2,25
6,8,6,3,13
8,1,11,0,25
8,1,11,0,25
6,8,6,2,13
5,5,4,1,13
6,8,6,3,13
12,4,10,7,25
8,3,10,5,25
7,1,11,0,25
3,1,11,2,25
8,10,8,5,13
8,11,13,2,13
2,7,5,1,13
2,5,5,1,13
6,8,6,0,13
3,1,11,2,25
2,1,10,2,25
3,8,6,2,13
5,1,11,0,25
5,8,6,2,13
11,4,11,5,25
3,1,11,2,25
5,2,11,2,25
4,6,5,0,13
4,2,11,2,25
1,6,6,0,13
5,2,11,1,25
6,8,6,2,13
4,10,6,4,13
4,1,11,0,25
5,2,12,2,25
5,1,11,0,25
5,8,6,0,13
4,8,6,0,13
11,4,10,7,25
6,8,6,2,13
2,6,5,1,13
0,5,6,0,13
4,1,11,2,25
7,2,11,2,25
2,7,5,2,13
4,1,11,2,25
6,2,11,2,25
5,2,11,0,25
6,0,10,0,25
6,1,11,0,25
7,2,11,2,25
4,8,6,2,13
6,8,6,0,13
8,8,6,2,13
6,8,6,0,13
6,6,8,7,25
6,1,10,2,25
7,8,6,0,13
4,7,3,1,13
8,1,11,2,25
6,1,11,2,25
7,8,12,2,13
6,2,11,0,25
5,7,2,1,13
5,5,5,2,13
8,8,6,2,13
4,7,5,2,13
2,1,11,2,25
5,0,10,3,25
8,3,9,10,25
6,8,6,2,13
3,7,5,2,13
5,1,11,0,25
8,5,10,8,25
3,1,11,2,25
8,12,6,7,13
6,3,10,6,25
4,1,10,2,25
1,1,11,0,25
4,5,9,6,13
6,7,6,2,13
7,1,11,2,25
8,9,6,0,13
14,5,10,6,25
7,9,8,2,13
7,2,12,3,25
4,3,9,8,25
7,9,5,2,13
5,11,9,7,13
2,5,6,1,13
3,1,11,2,25
1,1,11,0,25
8,5,11,7,25
2,6,5,2,13
4,8,6,2,13
10,4,11,8,25
2,6,5,1,13
6,2,11,5,25
6,8,4,0,13
3,1,10,1,25
2,1,11,1,25
13,4,10,5,25
3,7,5,1,13
5,5,9,2,13
3,7,5,1,13
1,1,11,0,25
4,8,6,2,13
3,1,11,2,25
4,2,11,0,25
3,6,5,2,13
6,8,6,2,13
8,6,8,8,25
2,2,11,3,25
8,9,6,0,13
6,6,9,7,13
6,6,9,7,13
8,7,2,2,13
5,8,2,2,13
2,6,5,2,13
4,8,6,2,13
6,9,6,2,13
12,5,11,8,25
5,1,11,0,25
6,1,11,3,25
2,7,6,2,13
8,3,10,4,25
8,1,10,3,25
1,1,11,0,25
4,1,11,3,25
10,5,13,10,25
1,1,11,1,25
7,6,3,1,13
1,0,10,1,25
7,11,7,2,13
6,7,5,1,13
4,7,7,2,13
4,7,3,1,13
3,1,11,2,25
2,5,5,1,13
2,1,11,2,25
6,10,6,3,13
1,1,11,0,25
4,12,9,6,13
2,1,11,2,25
4,1,11,2,25
7,12,7,6,13
9,6,11,8,25
3,1,11,2,25
2,8,6,2,13
8,9,7,3,13
8,6,8,8,25
1,1,11,1,25
4,7,6,2,13
6,1,11,3,25
6,2,11,2,25
7,1,10,0,25
6,2,11,2,25
8,5,10,7,25
4,8,6,0,13
5,1,10,0,25
8,1,11,0,25
8,11,8,5,13
5,8,6,0,13
13,4,10,7,25
6,5,10,6,25
5,5,8,2,13
2,1,11,2,25
3,1,11,2,25
6,8,6,0,13
5,1,10,0,25
8,4,11,4,25
3,1,11,2,25
5,5,9,5,13
6,9,10,2,13
5,1,11,2,25
8,3,11,7,25
7,0,10,0,25
6,15,6,3,13
7,10,5,2,13
4,1,11,2,25
4,5,7,2,13
2,7,5,0,13
4,8,5,2,13
3,6,5,2,13
7,1,11,2,25
2,1,11,2,25
6,7,5,2,13
8,14,6,4,13
7,1,11,2,25
6,1,11,2,25
7,10,9,6,13
6,8,6,0,13
7,7,11,7,25
6,9,6,0,13
4,1,10,2,25
6,1,11,2,25
8,1,11,0,25
7,8,6,2,13
3,2,10,3,25
4,1,11,3,25
8,10,11,2,13
5,1,11,2,25
4,2,11,2,25
2,1,11,1,25
5,1,11,0,25
4,1,11,1,25
0,1,10,0,25
8,10,9,4,25
5,7,5,2,13
8,8,5,2,13
6,2,12,2,25
3,8,6,2,13
8,12,7,7,13
6,7,5,0,13
1,1,11,1,25
6,0,10,2,25
6,0,10,2,25
4,2,11,3,25
8,13,9,8,13
2,1,11,2,25
7,4,9,5,25
7,1,11,2,25
4,3,9,4,25
3,9,7,2,13
7,1,11,0,25
3,2,11,4,25
5,5,9,5,13
7,1,11,0,25
8,8,6,0,13
5,6,3,1,13
3,1,11,3,25
6,11,9,6,13
7,5,10,6,25
3,6,5,1,13
6,11,13,2,13
7,7,6,2,13
4,2,11,0,25
5,8,6,0,13
6,5,8,2,13
8,2,11,3,25
5,10,6,4,13
7,11,8,5,13
6,0,10,0,25
4,1,10,2,25
8,15,11,7,13
8,9,7,4,13
6,3,9,8,25
2,1,11,2,25
3,8,5,2,13
5,8,6,0,13
8,6,9,9,13
4,7,6,2,13
3,1,11,2,25
8,1,11,2,25
8,9,9,2,13
5,8,6,0,13
6,1,11,3,25
7,9,8,2,13
5,8,5,2,13
9,4,10,5,25
7,8,6,2,13
8,1,11,2,25
8,11,7,4,13
8,8,5,1,13
6,8,6,2,13
8,8,6,0,13
7,1,11,0,25
6,1,11,2,25
4,8,6,0,13
6,7,6,2,13
3,1,11,2,25
8,12,4,5,13
4,7,6,0,13
2,7,6,2,13
12,5,10,4,25
8,9,5,2,13
12,4,10,5,25
5,3,9,9,25
7,2,10,4,25
4,1,11,2,25
6,6,9,6,25
5,7,5,0,13
6,8,5,2,13
4,5,8,4,25
4,8,6,2,13
6,1,10,2,25
8,11,13,2,13
6,1,11,2,25
6,8,5,2,13
3,7,5,1,13
1,1,11,1,25
6,14,6,3,13
8,8,6,2,13
8,1,11,0,25
5,10,5,2,13
8,9,6,2,13
6,4,10,5,25
5,1,11,4,25
7,4,11,6,25
7,9,5,2,13
8,9,6,0,13
6,2,11,0,25
6,5,10,7,25
8,1,11,2,25
8,8,4,0,13
2,7,6,0,13
4,7,3,1,13
8,8,6,2,13
8,10,1,1,13
4,7,5,0,13
7,5,11,6,25
5,1,11,0,25
6,1,11,0,25
1,1,11,2,25
3,7,5,1,13
15,4,10,6,25
5,3,10,5,25
5,7,6,0,13
5,7,2,1,13
3,6,5,2,13
6,1,10,0,25
7,10,8,3,13
8,3,10,5,25
8,9,6,0,13
8,11,8,6,13
5,1,11,0,25
3,7,6,2,13
8,1,11,2,25
6,5,11,7,25
7,1,11,2,25
8,8,9,9,13
5,7,6,2,13
6,8,1,2,13
3,7,5,2,13
8,10,8,10,13
7,8,1,1,13
9,4,11,7,25
4,2,11,0,25
4,1,10,1,25
6,0,10,3,25
9,6,11,8,25
1,6,6,0,13
4,10,5,3,13
4,1,11,0,25
0,1,11,0,25
8,8,5,2,13
5,2,11,2,25
5,2,11,0,25
4,10,6,4,13
6,1,11,3,25
9,5,11,6,25
8,1,11,2,25
8,10,9,2,13
1,7,6,0,13
4,7,5,2,13
8,1,11,3,25
6,2,11,2,25
8,8,5,3,13
9,7,8,5,25
5,2,11,2,25
5,7,6,2,13
6,7,9,8,13
1,6,6,0,13
7,0,10,1,25
0,1,11,0,25
0,1,11,0,25
3,8,6,2,13
6,8,9,4,25
5,1,11,2,25
7,8,10,7,13
4,7,5,2,13
0,1,11,0,25
7,12,4,4,13
3,1,11,2,25
3,1,11,2,25
14,5,10,6,25
7,11,5,3,13
6,2,11,0,25
7,2,11,2,25
5,1,10,4,25
6,8,6,2,13
3,7,5,2,13
6,10,9,5,13
6,7,7,2,13
6,1,11,0,25
8,1,11,3,25
1,1,11,1,25
4,1,10,0,25
3,8,5,2,13
6,8,6,2,13
7,2,11,0,25
8,11,13,2,13
8,8,6,2,13
7,5,10,4,25
4,1,11,2,25
8,6,11,7,25
4,1,11,2,25
6,0,10,0,25
8,8,6,0,13
4,7,6,0,13
3,8,6,3,13
9,4,10,6,25
0,5,6,0,13
6,0,10,3,25
4,12,6,3,13
7,8,6,0,13
8,3,9,8,25
6,1,11,2,25
8,8,6,0,13
5,1,11,0,25
3,3,11,4,25
12,5,9,3,25
1,6,6,0,13
7,2,11,2,25
8,1,11,2,25
3,6,5,2,13
6,8,5,1,13
4,8,6,0,13
3,10,6,2,13
8,11,7,3,13
3,9,7,3,13
7,2,11,2,25
7,1,11,4,25
2,6,6,1,13
9,3,10,5,25
4,5,7,2,13
3,1,11,2,25
6,8,6,1,13
5,1,10,3,25
6,1,11,0,25
7,4,10,6,25
0,5,6,0,13
2,1,11,2,25
7,8,6,2,13
4,1,11,0,25
2,6,5,2,13
3,7,5,2,13
7,3,8,10,25
8,8,6,0,13
8,10,11,2,13
6,6,9,6,13
6,10,7,4,13
5,11,8,4,13
6,7,5,2,13
5,6,6,2,13
4,1,11,2,25
4,3,10,4,25
11,4,11,9,25
8,7,2,1,13
8,6,11,7,25
5,7,5,2,13
6,1,10,2,25
5,7,5,2,13
8,2,11,3,25
8,12,8,6,13
1,1,10,3,25
6,2,11,2,25
1,1,10,0,25
5,2,8,8,25
8,2,11,3,25
11,4,11,11,25
4,7,6,0,13
6,1,11,0,25
6,2,11,0,25
6,1,10,0,25
11,6,13,9,25
8,8,7,2,13
8,9,6,0,13
4,9,8,5,13
3,7,6,2,13
8,11,12,3,13
8,6,9,8,13
4,1,11,2,25
7,10,7,6,13
8,5,10,5,25
8,4,9,6,25
6,12,8,5,13
9,8,8,6,25
3,1,11,2,25
2,6,5,1,13
5,8,6,0,13
6,8,6,2,13
3,9,6,3,13
8,1,10,0,25
6,8,1,2,13
0,5,7,0,13
5,8,6,2,13
8,8,6,2,13
4,2,11,0,25
7,4,9,6,25
8,2,11,2,25
6,1,11,2,25
3,7,6,1,13
4,1,11,2,25
4,7,6,2,13
7,3,9,5,25
6,10,8,5,13
1,6,6,0,13
6,7,5,0,13
5,8,5,0,13
5,1,11,0,25
7,10,8,3,13
4,6,5,0,13
5,8,5,2,13
12,5,10,4,25
6,12,5,6,13
7,8,6,2,13
3,7,6,2,13
12,4,11,8,25
7,6,5,0,13
7,7,5,2,13
8,3,11,8,25
4,2,11,0,25
9,6,12,8,25
6,4,10,5,25
6,1,11,2,25
3,7,6,2,13
6,9,7,3,13
6,9,6,2,13
7,2,12,3,25
9,5,13,8,25
8,10,8,3,13
8,2,11,0,25
4,6,4,1,13
7,1,11,0,25
8,10,13,3,13
6,11,9,4,13
2,7,6,2,13
6,8,4,1,13
8,1,11,2,25
8,13,8,5,13
7,2,11,0,25
6,3,9,4,25
6,0,10,2,25
6,1,11,2,25
7,7,6,2,13
7,3,8,8,25
7,13,6,3,13
8,2,11,0,25
8,7,11,9,13
12,3,9,5,25
5,8,5,2,13
3,8,6,3,13
5,6,5,2,13
6,8,8,2,13
1,1,11,1,25
3,7,5,2,13
5,1,11,0,25
2,6,5,2,13
7,6,2,1,13
4,7,6,2,13
7,13,10,7,13
4,1,11,0,25
8,1,11,0,25
8,2,11,2,25
7,8,6,0,13
4,7,5,2,13
5,0,10,0,25
4,2,10,4,25
5,1,11,0,25
8,11,6,5,13
7,3,9,2,25
2,1,11,2,25
3,1,10,1,25
8,1,11,0,25
7,8,5,2,13
8,12,9,7,13
6,1,11,2,25
6,7,6,2,13
8,4,10,4,25
5,7,6,2,13
7,7,2,1,13
8,7,9,6,13
6,7,5,0,13
7,2,11,0,25
7,14,6,4,13
4,8,6,1,13
4,1,11,2,25
8,12,4,4,13
5,1,11,2,25
3,8,7,2,13
5,1,11,2,25
10,5,10,8,25
5,8,5,0,13
6,8,6,0,13
2,1,11,2,25
4,8,6,6,13
6,3,8,8,25
7,1,11,2,25
7,8,6,2,13
8,9,6,0,13
7,4,11,8,25
5,1,11,0,25
6,9,10,2,13
8,9,6,0,13
3,7,5,2,13
1,6,5,1,13
3,9,5,3,13
0,1,11,0,25
8,4,10,3,25
7,2,11,0,25
8,2,11,0,25
8,1,11,0,25
3,1,11,2,25
5,1,11,1,25
0,1,11,0,25
6,1,11,0,25
2,1,11,2,25
0,6,6,0,13
5,9,5,4,13
1,1,11,1,25
0,1,11,0,25
8,7,2,1,13
6,2,12,4,25
7,3,9,8,25
5,1,10,0,25
7,3,9,8,25
6,11,13,2,13
0,1,11,0,25
2,6,6,1,13
2,6,5,2,13
4,7,6,0,13
2,1,11,2,25
8,12,6,6,13
8,9,6,0,13
5,1,11,2,25
7,1,11,0,25
5,8,6,0,13
5,3,10,3,25
6,11,6,2,13
7,15,7,4,13
6,2,11,2,25
4,8,6,2,13